id,name
2273056e-5b18-4f09-840f-1ea8db2f9be5,Цедра грейпфрута
04532320-e11a-4682-bb8c-f243a07ced6a,Анис
7e3ead39-1f38-4122-8987-80ef5cfc3e4c,Печень баранья
0a6e9f3c-c031-4cd6-9533-309a13b2eb42,Клетчатка
38990240-f012-4e00-8d46-582ce6ab6395,Горбуша в масле
749aa7ce-53cb-4721-8676-d6d61b88ee20,Ананас
fc07ece3-1d63-4ed6-91fd-84116c7ee62c,Бергамот
f4a95b0b-e64b-4d48-bc1d-a09710c55d5b,Капуста пекинская
4aec63e9-f55c-4c08-a7d8-a333bd789da8,Сметанка
c3a767d9-5a73-4164-9867-83cafd6dae8c,Ванильный сахар
7a626f49-652c-4ea0-acfb-8da0bf5975e3,Фисташки
f4b92534-ba48-415b-a5e3-c986aed8c94f,Рябина черноплодная
d469351d-fde0-47c4-9bc9-49cf057831aa,Ириски
95d113b0-6da4-4ce0-a0c1-760a96be43e4,Напиток кисломолочный
1adc89d0-8320-4ebf-8cc7-18f989f6fa93,Орехи грецкие
2824c5de-8252-482a-b50b-93d052971462,Ангостура
8b89cc12-1353-4674-b95b-337eb0e28541,Форель
b01effa0-b41b-430f-9290-666b77daa25e,Желудки куриные
17531c45-46da-4635-b3ff-0a347df63b6a,Мандарин
58e081de-e897-45a6-a3ce-8f96f9097191,Семена укропа
ba0b3b4e-61eb-44bb-9a91-027901fa403e,Перепел
c9a453f3-3110-45a4-ae8e-9f0456d84646,Ирга
30b73adf-4658-4c79-b53a-805d56d63b7c,Дорадо
ccdc05d4-2eb0-4581-8473-4b1cbc6408ec,Перец чили
e6abbf82-3cd5-4ffe-968f-57e53905ad0f,Мак
23d5f9a8-0f88-42af-a71f-9eb65f065b35,Сельдерей корневой
88fd84f1-bc90-453b-9941-9c91191c632a,Вино розовое сухое
705e818e-5e31-49e6-bba0-2ca047825abb,Желатин быстрорастворимый
482a436a-d8d8-4a00-bd32-3b12f241c11d,Карамель
604b7b68-cc1e-4821-a998-245702d5cf6b,Ряженка
8c27e9d4-7048-41de-8a5d-df0fd99dda76,Огурцы
f9b30463-a078-41c8-9853-c979503a600b,Масло шоколадное
a4d02824-07b1-470f-8afb-de5882ed6b64,Капуста квашеная
6112bb78-ee81-4174-b91c-b134d8bdcc35,Лук репчатый
4eb483fc-9115-4a44-8290-52d400bdb994,Чипсы
295b30cd-189b-473c-b65e-597776297089,Орех мускатный
4b3622a1-ee83-48dc-a512-7531a56a2374,Перец болгарский красный
53353b25-ec32-4395-b1bd-c3bbbfe6c7bc,Маскарпоне
4f8214d3-662e-424d-9581-3d22ec5999fe,Масло соевое
b8445a05-0f96-4277-bf0c-afa7b72df6eb,Паприка
2c685852-5bf5-42a7-a2c1-88eedfe57f32,Лепешка
758e1028-e9b7-4f53-9a8f-9b00ce57d671,Мята
f6a2f201-d96f-42e0-b751-364c5c54fa43,Налим
09c18476-8ce3-4f07-a3e2-d5ce88437b1f,Маш
a2b98fb0-f489-443c-bc9d-74b14871e447,Черника
33f78434-4185-4b29-8c10-4a7338410f26,Гренки
8a01c385-5fa7-4531-8836-adf7124ded18,Финик
cb7db3a7-2418-492d-b535-6c23a79eb415,Кокос
784bd347-1b7c-49d0-8ce5-88dafc7174c7,Соевый соус
4ab502af-de2e-4877-a03b-8899064e95bc,Хлопья пшенные
da67e60e-9b94-4ee7-a0aa-b11e2bcf8aff,Сок лимонный
1ea4eaad-7d42-4dbb-a686-86d5633e7d4c,Вино белое сладкое
236c6934-df52-4502-b8b1-2c918d8ea4f4,Булгур
9fc4ed29-7cf7-4244-aeb3-a7c8b7afdb0f,Лист древесный
541936f1-356e-4b57-9705-55bad2148c4e,Пшеница
e7ede219-2c5e-4635-b63c-4a60fb5875e1,Сыр копченый
bcf67743-7f8c-4a44-b5cb-0dea21e9889a,Фарш рыбный
75c91fc8-1829-4543-8b55-9041dd673fdf,Мука гороховая
3b8541c7-360c-4368-b243-50391779a108,Нори
3410afa4-8a3f-4d64-a1de-520a05850074,Печень минтая
eea02c2a-9236-41a2-a2f0-ca4db46d483b,Ассорти фруктовое
1c8b1998-4b2b-433d-8fb2-ad4c3d34c6df,Огурец соленый
cb3b4a6c-05b4-4901-bc15-fe5dde48e184,Сусло квасное
daedbb67-cd87-489f-afd3-0b5b20997b52,Кислота лимонная
0e2ca2cf-e9e9-406f-9512-42e655c305ed,Оладьи
36d422c2-8e3b-490f-ab80-31cf52654f39,Черемша
6472ccb6-31c9-4e69-8665-6ff35f57bbcf,Ракушки
cdf17ebc-72ff-49d9-8e3e-ffa56bba2ad2,Пенне
e34f6c2a-d964-4e46-8694-33bc8fc42eee,Лягушачьи лапки
5859b774-9711-41b7-be3a-f8264cb30e86,Малина
d49286ed-da16-4b4d-a724-36fe7d2fef44,Яйцо сырое
68fcc169-9e5a-443e-b21a-e09171c006b9,Закваска
dc7990f0-2f7b-4bdd-8836-7548b6107f23,Рапаны
cf547dcc-f528-4148-8cc5-b970ef309e76,Рикотта
22a2b0aa-dcfe-449f-a500-c967b23cd68e,Крупа пшеничная
e37b7ad9-5e35-45ed-afae-1b253da1e29e,Гребешок
1953e5be-3573-4625-a2ed-04c9cf1ea593,Тушенка
622e838d-5ee3-4e73-ac92-875412568441,Фосфат пищевой
0f4257f3-903a-4ee0-b875-394a9ded0bdb,Молоко сгущенное
6f95a6e0-8620-46c0-b5f6-d33db358c33a,Овес
a77e1608-a26f-421d-8e5d-d4f9041179e8,Чечевица
62056cc1-bc67-4522-b6ef-2cfdd52fc441,Пресервы
a67c67ca-c45f-4b80-8e3d-c48bc05cc1f5,Грецкий орех
4fec7a11-3008-4fc4-8b7f-cfab8847ee00,Кабачок
bdf05c3f-8817-4cdf-8746-abbc4cd9525a,Калина
40a637dd-6c21-4699-b207-897c71fb073a,Хлопья гречневые
63be3e51-4a3f-48ce-b915-bd83b8368f3c,Ваниль
8dc3db81-9b78-4ee2-96d5-34de03a18cc0,Кукурузные палочки
b5a0fb70-48c3-4614-9375-1e101ded9df0,Грудинка
fa4727d3-4391-4117-b61c-359d3355a5cc,Семга
b01666ea-49df-42a6-b9b6-0f55e9cd04b4,Минеола
d4ede14b-980b-4306-abcc-5405bd144df6,Брюква
e73c9ed1-9bfa-4f99-b9c0-4f26726eb069,Шалфей
c81dede1-78ed-4363-8814-90a396a58c5a,Баранина
94f0175a-4af1-4a2e-b3fb-68a8b4926ccd,Кетчуп
e0ca74b2-4856-4ef2-8007-5e6e60c6d956,Сарделька
1504c7a3-82f2-43ea-9414-bd5e8dd7fc55,Репа
e7e1da12-9765-44c2-bd34-be7711ecb031,Чабрец
4f4f4249-4cb5-4ddd-aef1-1ef2cd063b30,Икра овощная
39aa941c-4aaa-4409-b510-dfc83a452d2a,Чай в пакетиках
42c86620-b7a0-4d8a-aade-3772df83d807,Морковь свежая
bbdf9985-1cb8-48bf-84e1-5da96eb36bbb,Паприка копченая
f599c789-0340-4056-a76c-e61ff3a040b7,Сметана
ddb6ea1a-976e-482c-add6-3a0a4856c1f8,Клюква
ca0b898b-0111-4ff5-a673-342ac79a5560,Батон
509a71f0-70ca-4865-aea5-6a3c6a8b274d,Какао сгущенное
5593089f-0b4e-4d2c-af69-4b15e34db563,Сахар ванильный
0d0d040e-6f39-468f-b608-da72ed70adc7,Сыр колбасный
2c3cb835-f877-44ab-b45b-27a96c2e48b4,Нога баранья
c48c14a9-6b8f-454b-911f-dca810fecd91,Фризе
34b74150-9576-4b37-a83b-2ac74dadbc45,Маслята
a229b9cd-4cf2-4a43-becf-d17cc530a0f7,Повидло
7c1cad4f-7f93-4371-bfbf-d21682baa1bd,Масло кунжутное
0af073db-fbc1-4c03-95ad-a130150b46eb,Бекмес
57c2eb14-0723-421e-95d7-ac79566b429d,Тесто пресное
bc4c84e4-c422-4dbd-a8c0-a5adc225f3de,цедра мандарина
3643dc02-b7cf-4c68-8223-4da0a4df7053,Масло пальмовое
596f5f51-7580-4178-bcde-140d6fb52e97,Окорок
3b76c7c5-d543-4af7-911a-754a1af56ac9,Чеснок -
76da073d-0586-4a57-ae79-f4567d1305c8,Хлебцы
335609be-b7c4-4c2e-b0d4-f9c901a6b755,Молоко сухое
366f0080-a65f-48f8-af56-672216aa90da,Свежий огурец
512e1519-d8a3-439a-8147-13792c53c7e3,Фунчоза
f8d077aa-0ee5-42ad-82e3-92827e6a6208,Вишня
3c32509d-0929-4c0d-a0cf-35f4e14302c4,Молотый черный перец
7ecc6cf6-3fea-425c-9278-c778fe536145,Кислота аскорбиновая
4c12a7ee-ee86-4004-94ef-7a14d3c5dc9e,Пюре фруктовое
ec9e3709-6c8b-4687-ba2f-f8fec820f5ae,Улитки
f7bd9dfa-8367-4cf6-bcde-483b38cd9514,Крупа кукурузная
a9a56e0b-e063-4824-bdb0-6125ddabc667,дрожжи
d27a3139-955b-442b-9bc6-106f2f790a22,Перец черный
afdddbd0-d73c-4ca6-a7fc-9f4062ebf969,Круассан
300f55d3-2cd7-4660-abc4-f1e7b922e4ef,Сахар коричневый
cf5d684b-2ed8-4f40-8ab8-62920927b053,Баранка
d3e1e3c4-aa2f-43cf-b1a0-43c8e3466368,Крупа ячневая
af23082d-c1ff-4500-bff4-0f0344d36c63,Лапша
e96f8f4c-6e06-4cd3-be81-91ea5b86ccbc,Корейка
dc7f3e4b-276e-4ea6-9020-ef90637f1fe2,Айран
e072e6fd-0f2a-4c15-b524-893d6aee8a20,Матча
ac0d81c8-8e51-45bd-8383-174b9a097565,Рис дикий
ea998ec1-1825-44d5-abe3-a54282bd2c02,Пюре овощное
a7f42cc5-0beb-4ca1-b665-37bb432f590e,Нога
d91435a4-13f1-4796-84fc-4011252923d7,Фасоль красная консервированная
6e74419b-1410-4c7d-a4b1-51d0162f5f40,Хлопья картофельные
a55ae16f-693a-44b4-aa00-f81cabb63370,Пищевая добавка
3b7c6dee-5b7d-4fb9-85c5-6ba7f36b9095,Йогурт
fdfccb25-f4db-4506-bda3-7d07a0e90ca7,Желток отварной
fdb11156-c9d1-48aa-bd58-2013c4dd2e7c,Кости
42e4fee9-aa76-4cb9-a9ef-1086ca056e75,Котлета
086e1898-0ee5-47cb-abba-237e08da32a2,Разрыхлитель теста
67a531b7-6819-4887-9457-4337e6f08eac,Картофель
7cffbd3b-bbfa-4212-9993-b773ff8bbd40,Яйца отварные
e379aac8-da62-4078-ae73-a16053bddd8b,Печень трески
67abde88-c61e-493b-9a06-07ad0adedf78,Лаванда
07c7a351-bbb8-402e-b688-60b287280ed2,Порошок луковый
ff3f70cb-50aa-456c-8a7f-374be6faf32e,Паста арахисовая
1a7c49cb-6562-48a1-b904-7f99fe653193,Зайчатина
21751ccf-084e-49ea-b345-7513558e3966,Смородина белая
762b50b9-1665-4aea-aaae-0dba87923fb9,Вино белое сухое
a26ff4a7-8d0f-47d1-b929-cdbf7fc618e3,Напиток
b47419b9-4461-4cc3-b5f1-b546eae82f0c,Розмарин
4cbfdfed-c9b7-41a0-86f6-cf0ad29a8ecd,Ежевика
b1ee7f2e-6536-4909-9232-7edd4190b3cc,Майоран
391553ae-442a-4804-9f32-dac7348c3fe3,Консервы рыбные
a3431e0e-3e2a-4cbb-9583-fc4e0a862bd5,Земляника
b760184d-d2ca-421e-a50c-b273f6506be6,Полента чечевично-злаковая
5978101e-687a-4abe-89ea-554afe854a45,Хлопья ячменные
e3240207-01ee-43e7-8027-3208a7bb047d,Грибы свежие
844c554f-8314-44f3-80c2-7b7351efd0e3,Фенхель
42e6f5b1-a3ef-4fb1-b86c-f426ec04154f,Соус томатный
d083297d-efec-44ff-8629-789a01cdf11a,Огурец свежий
e056b278-986f-4077-850a-c686ba081b6d,Лимон
b39dc0c8-d4a8-430a-9c15-6103007e24b3,Сахар-рафинад
a7920734-d870-4d87-9cd7-2046dcde91c5,Посыпка кондитерская
b75dfaff-e2ec-434a-a5b2-7221a927aa97,Шиповник
41b82083-6e83-4f20-8812-cf21faf7669a,Спагетти
01e3a8ca-3ef5-4abf-af67-e711bf6ac63c,Желтки яичные
15ac108f-f448-42f6-8ae4-3f334b8c2f16,Мука кукурузная
7fc8c997-3ed3-4239-ac0d-e72d3a75b71b,Портулак
eff186c1-1ccf-4c72-b540-e6b514834963,Пиво нефильтрованное
c6d14581-ceb7-45b4-846e-65914ad21d4d,Профитроли
966ee0ae-3745-437c-be44-72906f271b03,Шелуха луковая
23b98dfd-c843-4fbc-842b-51960a06ffc0,Кижуч
9ae129e1-31bc-4318-8745-d472b428905e,Филе трески
0b6ebeb5-68cb-4cf7-821e-361701fca3cd,Киноа
cb9daeba-8216-42f9-a9bb-73cefe4d96f4,Пюре томатное
6c9f0ed2-1865-446b-af70-1cc5e9e8112e,Брокколетти
275df9cd-4e5a-4c98-b8cd-a81dbeabd8d3,Саке
0e0cd6ca-6e77-4aa8-a2f6-0663360b0bce,Спред
5de22a0b-71a5-4b3d-b01f-4e6fd85568cd,Сода гашеная уксусом
60e5a2e6-3715-4e5a-8543-1791dc337337,Грибы
a14f7831-da5d-47ae-918a-aef3c5809442,Пита
44125d23-bfa8-4ffd-b161-4d1491fdd9f5,Масло миндальное
32095846-b71b-4f84-abe4-9d10cb645335,Чай белый
131e8c1d-16df-4eee-988f-d30d0638fd53,Вафли
1071e6a3-6a28-42df-b674-9f1b3cbed4f3,Соевые проростки
a034c57c-02aa-4eb4-8f59-2e260cfa1c14,Папайя
f5255b44-fc73-40b5-bfbb-1b88b3f428dc,Брынза
c431fc3e-a46f-421c-a026-20b3aa161e95,Свекла
c4e61c78-c5e9-4e28-97d9-4e0beeb6bb84,Баклажан
cecd2a42-1232-4883-86fe-34606759a3b5,Соба
80c9ddb4-dad6-4548-820c-52caa273a55a,Творог
dac94d72-395a-418e-90de-9c13a3e00f47,Крабовые палочки
b0cb7eb3-b273-4a91-a241-a435887676ec,Смесь молочная
a1b6029b-6261-437c-b74f-56fa635c9c8a,Начинка
b38cb24c-3646-4721-990b-652c3f9fb777,Яйцо куриное
804842d3-ee5a-4278-ab90-a9efd5c11a12,Цедра лимона
547be6f8-dab8-4903-8b2e-610842f83276,Вафельные трубочки
8a8e5afc-701a-427f-ad9f-7cf6b4b12ce9,Сельдерей листовой
0d5efd39-3273-4109-a5ff-409cdfbdfc89,Пеленгас
e9747bba-a126-4578-a87e-3fc553ed753e,Орегано
181d8ddc-dbc3-4a45-8769-c34a97c441e7,Марципан
ced2459b-5f4e-41c7-8f87-7e4882a8871d,Куркума
fbe35176-52e2-415c-9e35-d7be65b62790,Рубец говяжий
977c733c-7b26-4b3e-9798-1c4ab1a23266,Курица копченая
1a4a05a2-85ec-4ffa-973a-8f82ca0ac80e,Разрыхлитель
c7df413c-a6dd-4796-8b9e-bd9e11df2736,Рожки
f6c9025c-b48d-4ebd-b1eb-b682cef7fb46,Паста сахарная
6b7b8856-cb33-4e24-af08-f6ee12b8703e,Соя
2e519845-c56b-4ceb-8038-4f9e076accae,Унаби
6304af8c-d11f-4ddb-aed9-e154275708e0,Топинамбур
7297469a-5e7e-43ea-87bf-2ca7a808c6d5,Лимонник
45913965-c70c-406a-984e-2d47cfcc3607,Сироп клюквенный
e9f633fd-f15f-4067-a29c-7cd3e64861b2,Масло виноградной косточки
603ad4ba-3383-4ca8-8c4d-7f0fb2e5a2fb,Оливковое масло
132fbd52-2b32-48df-ab34-01de49e33834,Сироп фруктовый
c282d516-66c0-47fa-8ba2-e82dd425e208,Тунец
5f535fc2-d141-42f2-a18a-77144fff1cca,Пудинг карамельный
590378a9-8ad3-44b2-8ac7-ad70ef407ad5,Томатная паста
9d4dc2f6-cab9-4f41-b03f-1e5087900d16,Зубатка
de4ec9a7-6062-445c-a430-20cad5df5a2c,Фруктоза
bf576ab1-d90e-4c21-a9a6-da043a58707a,Лист вишневый
c1f178bc-45e0-4262-a8fd-9f0e20c15a41,Слоеное тесто
9b270506-2b67-41e2-bdcd-e58bd1fead5e,Грудка индюшки
e20df7e8-761f-4884-8f0c-deadf9390d46,Творожная масса
189667bb-e32d-4d48-8b27-c426d88f1c4e,Орехи кешью
7651c295-974a-4b02-a4b5-623a0a0a9297,Имбирь
3a1d479c-d17d-42c1-9fc0-b4afa6346672,Кунжут
f4339f55-2267-4dbe-ac8e-80424ad8f92b,Сыр козий
b5d54795-815a-4177-a67e-1e67667f3328,Повидло  или любое варенье нежидкое
e9f2c70b-95d6-4e2a-afef-6f2f3e391de7,Сливки или жирная сметана
22c67c60-1d20-4e6e-bb6a-22008af303fe,Луковица
3354a1a8-966e-46d5-bf08-ca226a146cc8,Бублик
6f069686-a3d2-42c0-a666-938fbc845bff,Субпродукты
645bf097-f9ad-42fe-95be-a001ca933bbd,Хамон
c9959130-1f7b-4f5e-b631-77d97c3cd593,повидло
9f8d963a-5d20-4378-b1fa-4035bc242aa6,Сгущенка
c0da2558-82be-4a5b-a211-964c6925ee7f,Муки
997471bd-55b0-4dd1-a063-2cc04a9bda29,Семечки
6a4e1243-2ddb-4d69-ada0-0f2231721bc4,Базилик
489bfc6b-b475-4f7d-95f1-e76cc55f0298,Сушки
71529a11-290d-4eb6-adf0-eb05b0a00009,Томаты вяленые
1be633bf-3b2a-49af-8ec1-ffe60ec8f794,Масло растительное
da652577-e363-4384-8032-bcf82cac7947,Чоризо
a6278709-45bb-4197-9204-7505b5c72acc,Путассу
47f3eafe-871b-452f-8989-f1ff44b16433,Паста шоколадная
281daea5-4e31-4bb3-991d-73c8e770f51c,Сироп сахарный
a69ae52b-a150-491d-b61a-32010bb52e07,Маракуйя
491d9f77-abc3-4581-84eb-12a29b507d73,Зерно
ca8e8491-3a1a-4488-9971-9f30b54ea60f,Яблоко кисловатое
e0570646-3913-4db5-9b2d-d52beea77923,Чай черный
27a8d86f-6061-491e-bcdc-b6c3c753ed77,Колбаса вареная
64e150fe-a90c-4a01-92ed-5322c132e250,Ацидофилин
3c1ff38c-27f3-4528-9509-18fcf2470c55,Блин
0985d3c9-5d23-4ecc-92fd-27765024dde6,Тилапия
5040889a-2667-487c-8194-3efd4214bb33,Грудка утиная
a82c477d-57a0-4f80-9890-8c4f03e6b6b3,Апельсин
9ab60b4e-1513-401f-b76c-2cd022e5700c,Разрыхлитель для теста
631ac07a-0b93-4a2d-9607-8bc3fc5c1934,Консервированных томатов
ab66f9c5-d93d-4030-a88d-15a2b4256c53,Биодобавка
09571ed4-1c4d-4745-894d-76dc3258f526,Крабовое мясо
148cc20a-ef3e-482b-b99c-2907456ae763,Масло кукурузное
d09ccbd5-9de3-4f60-9936-395b51c14552,Батат
f37e5077-7739-4b82-9833-544dca02547f,Вино крепленое
4f973708-89e1-45db-a0a3-baded5a743d8,Для жарки
1cb32602-82a4-4633-8242-341da1ae936a,Сироп клубничный
aedddfcd-9c3d-4adb-b152-672b211522dd,Для панировки
746bdf58-b373-43f8-bcd2-01c362845f55,Какао тертое
7409b28e-3a35-4cc3-8a54-4450489e09dd,Иваси
2733893f-fb44-48e2-a215-75fa41afb671,Барбарис
5fcc80a2-9e92-4f87-af8d-51c7065f3a9d,Конфеты
401fd037-88d8-4942-8fbf-630c2cc4cb25,Крапива
5182f223-f803-48d8-8d7c-bf6dc5fdf493,Грецкие орехи
63c5814d-b214-44ba-a456-27f37688fd20,Карбонад
faec324d-fa4e-4700-becc-63adf34e52be,Бальзамик
443f5f78-0872-4c1d-bdc1-95aadd23d47a,Вода
c9944a8d-4bc6-4290-a74e-7bc12d54e3e8,Морковь
624f139b-0b53-45aa-aec9-73a7deb69171,Мука кокосовая
ff47551c-6bc5-42ea-a33a-ac3303ed1ff2,Вода цветочная апельсиновая
0f0426f9-a9ab-4267-93e1-777bcd7cca51,Лист капустный
c89a8b83-de3d-4325-afc6-827e34d1141d,Текила
1e1e245e-d8f6-47ed-86fa-6eaa9b8366fa,Джусай
485c65ca-2fc2-4b82-90c3-cb848d81890c,Крошка вафельная
a1a8d10f-2225-4c4d-8dea-f6a3a758e6f0,Мясных копчёностей
cc90ca04-094d-4b64-aab2-78fc773c3b67,Масло тыквенное
487dec1d-f1bd-40e5-adf6-471a575dbb17,Жидкий дым
73fbe20d-50d8-449d-9fd2-e0fcfe05ed26,Филе рыбное
79d1a725-e42f-43d5-bed5-45b31307e107,Шпинат
d01aa3f5-f2f3-4d16-b97f-c7ef855bb2a8,Говядина
385ec375-3f4f-41c1-b0f3-7611e396a17b,Маршмеллоу
b18d97c6-f65c-4130-b570-de7793321426,Хлеб ржаной
fe040633-4847-43a8-a398-50a9cafbdc32,Ветчина
b6df1c6f-28bb-45a0-aa9d-22a28c121c06,Хлопья кукурузные
00c357d7-88f8-43fa-8275-0637dd11e347,Соль нитритная
53a15b2b-f9ca-4a58-8dfd-017b3fe51872,Кожа рыбная
72d07888-faec-4dca-b17c-3e832de8c05f,Гуми
5fe408a4-3879-48d6-a19b-45694e67f552,Шоколад молочный
3cf89ea0-7339-4c08-9ea4-c10049195475,Солод
2b37ae27-52f8-4833-ab7d-862fbf1f5f13,Смесь перцев
29c06fde-dca9-4ae2-9677-300e0ed81536,Спаржа
583a2d26-f8bf-4c6a-b53e-5c659a98d613,Семена чиа
cf63576d-a8d9-4d6a-aa78-8372585b9f7a,Масло мятное
10b3e340-ae75-4089-84ba-6bc6276aa800,Смалец
d1e391c0-2513-4b36-b1dc-97d2a53069f0,Перец душистый
aa59a691-1ccc-47bb-9292-ea8ee303a3d9,Равиоли
e802702a-348d-44ff-97d1-4ace0b417f89,Масло горчичное
14fd2c16-fab7-4561-8fdf-ebbd51b6ab97,Масло оливковое
c1fdf9df-eb17-4406-9f9f-0feb0a3a0f4d,Суповой набор
c757a17b-bc93-4acb-8026-7294282143b0,Глазурь
2083f8da-4fa7-428b-9aed-288910afe243,Рис
5cbc8b01-7b09-48f3-a326-fc7de4f513af,Устрицы
1d3f100a-7ee1-4fdf-9fe0-a3b5bd2a8e94,Лук репчатый красный
afee5fb6-3a15-4c90-b836-23bd278e3850,Масло подсолнечное
88bebfe7-e942-45f8-94c5-bae2be0451bc,Пастила
fd119b3a-177c-4bf7-817c-7d388cef9e1a,Арахис
ea9c6d54-f26d-4b96-a1c7-4fd2951edc22,Физалис
46be1612-13a2-4daa-b833-f7835c83f1f3,Вино красное сухое
50065678-3a87-4298-8761-4afc6397bd45,Приправа
5f963bc4-8a01-4541-83d7-ab89b36e4957,Кожа куриная
817ecb7f-3774-4fc5-8f36-b69ac23a7e89,Салями
a30f7730-dbbd-4d4e-a0f7-163c2f5e0b84,Шелковица
1dc8e10e-df9c-4ab4-80e3-b450999e4ca3,Яйцо варёное
96711453-aa8f-426a-aecb-c2ff9147066d,Сахар
7471b2e9-12f1-483c-959a-b361d8c7230d,Кишки
e30e4d4e-7dc0-45b0-9b48-0077f623051b,Кальвадос
03d626d9-74d3-4e72-a2e7-b0aaefd575c7,Мука соевая
b011976c-482f-4ce2-bc62-c0ac5e0952aa,Плавленый сырок
0dab43ee-2715-4105-a97c-110b91e8044a,Пельмени
82e129b2-c890-4eb2-a7e5-02ce2a1bdd47,Почки
c5c041ed-933d-48db-85f1-47438e404871,Мармелад
f3eeb6fe-6d95-4a4b-9b55-cc0e8a523219,Ростки
e7e1ddb6-2e70-4ca2-ac75-ad69287c859b,Цыпленок
04c18ef6-410b-4d8f-95d7-e5269e141d9f,Лаваш тонкий
b5e6f14a-9852-4ff1-af2f-c1de3aff265e,Молоко миндальное
d827b6a2-1dac-49f1-afb3-59c48cd3c249,Перец пепперони
cbc32b26-99de-4904-b5c5-d1f34bfcedba,Масло кедрового ореха
6a15f16a-555a-47fd-a855-955eca1ca441,Молоко или вода
c2d42b06-df08-49d5-a06d-0d623a9ccced,Крупа овсяная
0f238615-1809-4b3b-887d-4d2f6aa7cc96,Гусь
dd866a4d-7da5-4b3b-ab83-74063e208c7a,Крупа перловая
40c900d4-a323-4879-90ff-f57cdb0a9dc8,Дыня
05314715-328a-4ceb-ba8d-c294ac262fb3,Карамболь
e0736313-4fa6-4d7f-9345-b744994eba2e,Сельдерей черешковый
5c6a62d4-5218-4553-acbf-d5e6784fdc80,Сыр сливочный
b17683b5-6e34-499c-9c6c-d8c1f912e91d,Пажитник
6212b711-d3a6-4516-97cd-4bd89ac3da6c,Капустные листья
0aa0ceac-453c-4442-bb36-056ede1099ed,Язык говяжий
4f0fe2de-d7b0-4c15-acd0-8cad4f691f3e,Мангостин
400d50fe-c20e-414b-92ce-54e2f1a878f4,Горбуша
3cbf2861-dc56-4945-a718-536ea2dd3b90,Желирующая смесь
ee12cfb6-a1eb-43b3-a53e-03cd3c630727,Сахар кусковой
c2325cb8-3f12-4d1e-86a1-38464830b5d4,Овощи
ed0aa495-6434-4735-919b-1633c1d0e154,Паста карри
62e1594c-20be-40cf-8110-1e5b88bc41fa,Хурма
a54cbe5c-f1ca-4dd2-ab58-483a4e98fafd,Алыча
ee1c7d93-50de-4064-8980-56ad90a1e125,Печень индюшиная
27d626ba-1301-4f73-9750-011c5845b761,Сироп миндальный
e5ffc939-79ec-4d94-b22b-7f429e80d2a5,Бальзам
461f2998-2e75-4722-b12e-92e2149eab39,Кардамон
b9f5cd04-12cd-4fca-a909-a1168d462331,Чабер
ee7c2f9e-bd0c-48c5-b4dd-c5f3a927430b,Молоко соевое
e68cdc65-ea22-4b54-93e1-ecc5617d5a7a,Наршараб
e8b26422-d4d6-45c2-963e-7952813f45fe,Варёная колбаса
803063fa-57ed-4ea1-a005-e436df409e7c,Соль по вкусу
30cca60a-26be-4c19-a099-5b4b5f0448c7,Перец зеленый
25968f35-62a4-4de3-84e9-161b9a95ce2c,Чернила каракатицы
9ebd83cb-ba27-4780-afaf-15f1dd133fd7,Помидор свежий
46810a72-721a-4a3d-b58d-4f012d4ed926,Вино белое полусладкое
98a775b6-cb99-4093-9bf1-c4d1a1f4becb,Простокваша
4a3f433d-dba4-4561-91b9-e5d89bd6c914,Яблоко
595903d2-de7f-4b27-bb03-42f29216b2ea,Рис коричневый
c9e23566-db10-4186-b516-c2530c2d5b2c,Мозги говяжьи
96e0ff7f-c225-4751-a7a0-15a37f4a0fa7,Халва подсолнечная
a44cd6b0-d4e0-41cd-ad95-b14d64154be9,Масло кокосовое
c9ef3e9e-f962-4a55-8ca3-62d8deb9ed54,Укроп свежий
2acb5ad3-c1e7-43e5-8a0c-0fcd1b340fef,Хлеб
ae4f7bca-1033-4d3d-9365-c78e2d608abd,Уцхо-сунели
8ff72440-7c1b-4170-9eea-a83e49269da1,Сунели
6a7d53c1-55ba-47f0-8bb6-5447bcc1cf61,Зверобой
85e64856-ccce-4711-92b3-a02eae16b017,Капуста кольраби
e7d8e776-3813-4ed6-8caf-f3f3237e26bc,Рулет
8b88737b-359b-4172-9e00-8124f11e49b7,Молоко топленое
0896a35d-324d-4904-b9f8-7f65267d2bb7,Печень гусиная
33f6ca95-fc8f-4499-811e-d18b62cae59b,Икра черная
95d73df7-d401-487e-b739-a75eec829afd,Мед
ebbfef8c-ad79-4de9-9bcc-f260cbcbfa28,Манго
ebb62450-4a79-4643-be4a-78d1d0755ff4,Мука черемуховая
47072ad7-94cf-4513-af83-38abbc9a549f,вода
6474c5b3-fa7c-463f-8bc8-38924b3a7ec9,Перец черный молотый
b2aa88db-558e-4977-b0ff-f745e22bff3a,Опара
7a946695-d0c6-46a1-b862-7c4ffdefdf19,Капуста брюссельская
f2262c82-8838-4de7-b5e4-6bf90c30e353,Гриб чайный
dd760b0b-b365-42af-954a-949e327a36e2,Ребра говяжьи
c666556a-f3d6-4fb2-87fc-a9e0ad7f65ae,Анчоусы
2228989c-331b-4845-ba6d-bcd2e66d7790,Момордика
68fe6289-4a3a-4189-96c6-bacf56c1bf2b,Паста тахинная
313770aa-660c-4fd9-b6a5-649b3ade1c5e,Лед
361ce099-da91-4ba2-9268-f707a40c5f63,Сироп глюкозы
764c0743-99ee-435d-8448-6628e44c6bf9,Изюм
1ce9e842-908d-489b-a02a-e45210308474,Печень говяжья
82c00cbe-cc5d-4054-8917-0367377218ed,Тандури масала
272607f5-b667-40d4-a64b-bcf2806c40ea,Шрот
123d78fe-093a-4a00-8f1e-c07837b3aa62,Пудинг ванильный
174cbe0e-1134-45b2-8336-d707c5db9273,Кубик бульонный
61b5ff0e-62d3-4c60-abe9-3c7c7bed3855,Хамса
49766329-b400-423a-8211-450cd1adbb43,Авокадо
96276e9c-3f22-4cad-abaa-6825fb30f55e,Утка
6f98001d-4b9e-40a5-924e-7db21d387f28,Паста перечная
d0d39bc4-ac5f-452b-8724-32853f606418,Черешня
da07272e-6bd2-495c-ac9d-6d0bea971b57,Каннеллони
2a2026be-97fc-47d5-a4dd-955a15f48432,Шампиньоны
f6c2cc95-fe89-41ff-96db-0aff38a3a1d4,Кумин
48d11e73-f73a-463e-a58d-4b36ed1359ee,Сок ягодный
e643ce76-8563-45ae-b7e0-983dae013dc1,Варенье
0403bf1e-7a40-4db0-bf4c-401e041dd508,Сок
65b03d36-79c3-4583-b3d2-150bd6fcda00,Спаржа соевая
ba358b84-4f9d-4e38-b01d-fef63184ad70,Паприка молотая
a78f9281-2ca8-4919-944b-f11d8cf397a1,Сыр голубой
9f12fd88-6fcf-4d0f-ad94-b1988025e5d9,Помидоры черри
74312f38-875d-41e6-a4d4-af03c006ef4e,Помело
ecd1ed6c-5604-44fe-bf5f-0de87874b2e8,Желатин
e63b72a1-d9f7-4e0b-aa19-af87890b0990,Сухарики
2c48048b-f0ea-4635-8d54-a4342906581d,Творог зерненый
d37bba56-5784-4e45-ae3d-59d487815ed0,Мацони
3a384be7-9925-4038-a4f4-66babf5d41b8,Бедро куриное
598819c3-492e-4e32-b5e6-007a36861b4f,Картофель сырой
33009a8e-8aa1-4a4f-8f23-55e269375bd6,Капуста савойская
a60a3935-5729-4f46-ae39-41c21d2a29c1,Хлопья овсяные
b4a59e62-db2e-4f9c-b2fb-c4d852d7c9e6,Брокколи
61bef123-8466-4942-9833-75d15bf6706f,Орехи лесные
0ca4866b-d711-4fc1-af17-bb15d54980f2,Перец сладкий зеленый
7626c208-5ecb-4004-9063-ae52d94b0e22,Щука
d3b00bbc-5999-4d29-8878-7f514d97a669,Сало
46d92356-4432-4b6c-b3c0-488f113a1d60,Хлебобулочные изделия
b8dd5fb7-6ff2-447c-a23e-77710924c806,Цедра апельсина
c18bf8af-7f98-496d-a6a9-87f7237fd8df,Икра минтая
8e2791bb-4e0f-4249-967c-e1603dafda66,Печень утиная
453769bb-d63e-44a6-8bb0-14de82cbf24b,Крахмал кукурузный
f6a6101c-3ecb-4820-815c-15b13e301f54,Какао-напиток
684e8fec-b3ef-439e-9951-961f75e21f8c,Масло грецкого ореха
bedf9a22-e026-4329-9d21-1d1801099905,Порошок пекарский
02c8f25d-769d-4699-a2e6-f7d6bdac2efe,Орехи
2d76d3b5-d056-4897-9857-305b307f6cb8,Грибы консервированные
16ab2e3e-6086-4d97-b32b-4f2059e71603,Голень куриная
79f05922-9bb6-40de-8004-1818795907fc,Томаты пассерованные
2ac5c152-10b0-4867-b8e8-cda7eef9e146,Морошка
91f15f54-4dfb-43a0-b74a-7b342ab39274,Семечки подсолнуха
ca622c0c-17c8-4bb3-97ed-4903650555a9,Эстрагон
2274d81a-6bee-4a55-b974-5591f9f2f773,Ботва
538b4d57-68bc-49a9-a91c-172bf482987c,Цуккини
2d31e429-de05-4efb-aca6-3af48a79fe05,Мука безглютеновая
10f1828d-bb45-4e72-825b-2d24d9c841d0,Потроха
f051ef20-94ca-45a8-8130-5f782b5b0c96,Бешамель
9c6531bc-6931-482e-803b-3d9c4977468e,Шампанское
a199be6f-2ff1-4731-8ac7-d0d27c543a48,Курага
4d4726f7-1282-43fd-9c84-685b1a4f9a46,Перец кайен
7bf2ff22-b146-4985-a135-233b2651dfc7,Корица
e926337e-d656-4638-b0c1-b439d08782c6,Сухой завтрак
f93b55db-6919-403b-9ba7-b27c79e2d5ac,Камбала
dfeaa70f-bb2c-46c5-aa58-69990fc814bd,Крахмал
af92b768-9258-4ae4-b802-2f1931dfbe00,Кефир
8e419a70-d03c-4afa-8f34-00b191f827b3,Капуста морская
9a5d8073-7972-42f4-8f33-bdf43e2cd604,Катык
0eca6acf-7110-4d2d-8fd1-8edf95f35bbe,Ванильный сахар или ванилин
14bf6f84-4eba-4680-9bfd-a6f31175e5da,Специи
b113ed8f-56b3-400c-9ccf-9c1f69c75386,Вино красное сладкое
5244abd4-b72a-4469-8387-40f3068b4292,Вино десертное
12ad660a-6e0f-4e02-939c-2f51bc27bc79,Гарам масала
11e0084d-0b5e-4795-ae1e-60f45888b599,Свекла отварная
a2845a64-8344-42ca-8163-b911c34606e0,Глутамат натрия
8292ca53-7921-4324-a3d9-dd6b8f3dd75b,Угорь
fc3cb30e-a282-45be-8a83-46824eb52629,Напиток молочный
79cd0d36-136a-44c3-966e-c15b91109069,Клубника
dca80593-0e85-4887-b06b-d8c0b972b97e,Капуста цветная
14bb46e3-ccf0-4109-82de-7ecbe180c96a,Сироп смородиновый
6c81d970-b3ff-4531-af46-b36d744997df,Бисквит
eedad900-cf5b-4631-99b3-7050da8446b9,Белорыбица
3381ed8d-9ff2-4149-a55a-2a8627876dec,Порошок горчичный
ddcfeb7b-3ddd-4ca9-a821-5d6c61b2ab57,Барабулька
ad6ea4a6-91a9-4737-9b11-73c029d60dc0,Капуста белокочанная
25632070-481a-4fe8-bd4b-a64bf6dedb60,Фасоль стручковая
83ebea06-6d6d-42ad-9c96-2c440c845072,Агар-агар
0646aacd-ca0f-49a3-bcab-0d10950fada6,Стрелки чесночные
05eef7fb-6ce2-4593-823f-06ee1583187b,Творог жирный
08209bc2-c0cd-45b6-a1f0-94e3cf45b5aa,Яйца
c4860d6f-7ccf-4abb-87b0-46683747f491,Молоки рыбные
50a9ad3c-0e9b-4268-8832-aca6b7c8a72b,Голубика
b04c4cf2-289b-4617-ae04-16114c657ed4,Облепиха
0278e117-474a-4f3d-9442-7af4b154b811,Сироп персиковый
0e65b1cd-8f37-482c-ac20-bbbd0e18ee60,Ванильныи сахар
84fc21b8-fddf-4bfd-8df9-ba83d8ffedba,Грейпфрут
37baa647-5170-4c90-bf29-5f78725b5535,Сироп кленовый
7cf99732-3662-4167-92cd-877c1246f917,Артишок
f81baf8d-31ec-40b7-ac7c-80b4b301ddc6,Мусс яблочный
3c311ccb-589b-4b88-8681-4595fdcf6beb,Кетчуп или томатная паста
b177338b-e5ff-4e77-9a9d-365e7384dcdb,Душица
1160d0c7-62c1-4d93-b082-7b837eccae8e,Манная крупа
70db7909-40ea-46b1-a8d3-3819c4991c0b,Лангуст
e3a337fc-7db0-4275-93a1-3dafc1132f84,Ямс
72dd2e72-c96b-4436-aef2-94e3b4ad4221,Мука амарантовая
ec2ce012-0e09-4464-a78d-0e86462f8363,Вино рисовое
8afffb92-156a-41f6-b123-8817880f09f6,Васаби
a9a73d2f-b335-4451-8aac-ecb576758d32,Заменитель сахара
43af416b-1001-4273-bb0a-4509ad46a477,Аспирин
4aed550f-931b-45be-96cb-8ea81677f636,Кофе растворимый
a14f13c9-72ac-4d6d-b251-1009508c741b,Лечо
265ef04a-d6ec-4492-8db8-9b5932480929,Сухари
fe34c0ed-7670-4eea-a459-4c5d3f14237a,Мюсли
f8bb0e85-eda8-4bd4-99ae-b9ef591446fa,Лен
f3d5a01f-61b4-4dd9-9dbe-dd5b5c8fc7af,Вешенки
e7890822-5be6-4ce0-bb7c-b90e3b0e0a50,Капуста китайская
1adf66d0-5866-4608-8c66-6168b5176296,Миндальная эссенция
77cb1ce8-e3e2-4a2d-8417-7effbaf88d84,Пиво темное
2aab6668-8111-43b7-bf69-32c2f9703f0a,Картофеля
35c95649-b7f1-4c85-9c3c-aa072d2028ef,Толокно
63e5bf17-4aa1-4794-b496-97d072c55976,Краситель пищевой
1b42cc84-b79c-4ccd-90a1-fc9526d7bacc,Масло рапсовое
3836c019-b89a-4b34-912d-ce32bdecb136,Жир
437cf58b-7ac0-4af1-92fa-c65f2350dd4b,Молоко концентрированное
e729ac21-1f70-4cc3-9cd4-b3007086d2ac,Бренди
b9e04321-498e-4546-bb50-1d1b0629a78e,Мука ржаная
6592a7af-e327-4414-9948-cb9a95ee388f,Сироп
fb527183-f5b8-45a7-ad9e-2d8cfbac6128,Рукола
af5da0bc-2e8c-413d-8058-a9f507838093,Ароматизатор
af3bf72f-cf14-459b-a5ca-cd286d71d263,Соус-маринад
e4d8af35-d6d3-44e3-beb8-1f0199de6e69,Крем
cdb6b71b-7f4e-46d7-b269-60737bcf6f49,Тарталетка
a98f6d18-5f03-4ec4-b1d7-d89a8413249b,Халва
08bb0525-60dd-4fb7-a492-97f2328b76b2,Свити
c66b4a29-aab2-41df-b36f-7e468df387cc,Сироп лимонный
36e7b7f2-53e2-48c0-806e-ee053488ee28,Дичь
cb1dd9b6-224b-4933-9bff-cede192ec481,Перепелиные яйца
49105691-9592-4c67-9f2b-99e70e1ebeb3,Индейка
702e6ff0-cbdb-4e20-bc4e-9d4fec143ad1,Соус устричный
48319029-569c-4d46-aa8e-b7e4830e9dde,Сироп алкогольный
5440b3c3-b289-4d02-b04b-7b69d3bdd664,Редька
2854d266-999f-40b9-b468-9b476b62cf7b,Карась
54c31d39-0c74-45ae-8831-31778c8fc00e,Папоротник
b50e676d-3308-4905-867c-b794b125e53e,Кондитерское изделие
03c5ab57-166c-4cab-b74f-66ff4285c87e,Белок яичный
c718726f-da48-4fd2-a1f7-8c22ed1fa323,Яйца куриные
32a1f3b3-2d70-482a-be62-469591712fd2,Какао-бобы
cc50b8e6-9cee-4738-8c63-aca0e056dd98,Мастика
2b65aeca-aef4-4f09-bb2c-74b397574934,Сироп черничный
cc22bd14-fa39-4d15-9682-e08c2cc2f52f,Саго
6d816054-4ae5-4cb4-8c32-eb1f290689e0,Яйцо отварное
147a1563-db64-40dc-820d-b8d266bdefe1,Лосось
b4d75799-aa70-4319-9eca-90b2c46ec010,Лук зелёный
4f0e4afb-5343-4444-a4d8-e8bb837ed8ed,Заменитель сухого молока
61fe4310-de8d-4262-88af-d4769d4b6bb0,Селедка соленая
09d8eb65-7bc7-489f-8776-a98eea8ed2f1,Банан
3f4d5134-7e45-417f-a083-8c1acb226682,Маслины
b1163995-682e-4075-8bde-215706b54a44,Сосиска
61e447cd-e7d2-4fb7-8cab-628668f2204f,Тмин
38c3426d-ca07-4304-a5f7-5ad3b1c42bca,Консервированый зеленый горошек
cb418c57-b2b1-4b94-b6c9-896ed8806f54,Сыр творожный
d723d75c-a03b-4c77-ab9e-721d5577f760,Жмых фруктовый
5e0cca54-d561-4817-89f2-37e37fe6724e,Шоколад темный
d2497ef9-842e-40e3-8d99-0e130a832a37,Пюре ягодное
7938bd9b-438a-42c8-a48d-31390bb22794,Перец сладкий красный
0b5e8eab-1427-46f8-8cee-1223f4bab561,Морская капуста
0cda731b-a285-4513-9e0c-e9fffa23c598,Рыба
08989c3a-b7f4-4758-9c50-101cf0d08d5c,Ерш
7cc88e97-c0c3-44b3-a83f-884d441c18c6,Сухари панировочные
2c6cc6e1-096a-40cc-a7b0-7fa2b63fbf80,Желудок индюшачий
ddaa1876-2d58-4434-b7d1-ad1887b3ca6b,Отвар
dd694f02-88cc-40e6-8525-b15a4ed8700d,Икра рыбная
e5d22f1d-2c1e-48ff-93b0-009af6633cb9,Детское питание
a4a8affd-d4a0-40b0-a8e3-a45145568254,Лимонный сок
2f13b9e8-34ed-416c-865b-1bc7a424d160,Печенье юбилейное
5bb54f1d-8ea6-438b-b816-5e4e2a9021ca,Лук репчастый
f1f524b9-3127-459b-9e89-4c1ec323f035,Джем абрикосовый
a93d431a-9f21-4318-bc5b-4b0829e56152,Маринад
9d4026d9-415c-4e5a-810a-42f79ce6326c,Тофу
f4f2b331-7825-4b5e-913f-65a89fb012ee,Пряности
7b7fb67c-4f12-4db6-a64e-2df2003ef718,Шафран
5427799f-f0c9-4b7a-8352-d7650af000fa,Кэроб
600163ec-530b-4de6-bee4-054c9028bb2e,Тесто слоеное дрожжевое
94a665c5-261f-48cf-bc16-77b1f2672c73,Полента рисовая
77471c47-3cf3-458a-9022-f0967fae3027,Фейхоа
2465d065-497f-431a-bc42-bf4b2086e04f,Романо
bcdf437d-b3f9-4607-a7da-78c80a85bdf0,Суп пакетный
ed750bba-78d7-4c14-9500-132e641b5a2f,Смесь специй
50bd18e6-5ff2-4d32-b178-2e19bd4d1f88,Тесто слоеное бездрожжевое
91ab3678-e739-43d8-a015-5e14f59a463b,Крахмал картофельный
84eec2ce-6f81-4bdf-9a3a-549d65aa1be6,Телятина
a9b270c9-3309-470a-a0db-8ae12207735f,Тесто песочное
2778c5f7-5eda-4021-b37d-c96d2f562321,Молоко
3d7a0e6e-d1b5-4791-bcce-41f1035b7423,Персиковый йогурт
31bd6a3e-c54c-4597-b73c-165bdd9a795e,Фетаки
18d5f9e3-d3ad-4ad1-a971-f1c021686ae0,Цедра лайма
99e5b542-bcf8-4752-afe6-24a5c42aad4d,Слива
c2928957-4cc3-480b-aecf-9fd166cf089a,Спирт
b6029f0a-adaa-4bcf-b841-4f3ff5d48270,Желудок
23070068-6ab7-4ca6-91c0-b06fe5bb8a45,Капуста кудрявая
0f47b25b-d97d-4717-bca8-954f6b1d6e7d,Йошта
68a72be9-b932-4213-a384-c3b62ef57c8f,Перец сладкий
363ec9cd-84bc-40d6-bd7d-f952d5e7e5e6,Руккола
70bf1bdc-2b13-479f-8ebf-844a8badedc8,Окунь морской
3c364269-8677-42da-8371-e1c495cbe5f5,Сахарный песок
0e2508c9-8e27-48d5-98b8-9e4be33ecffe,Вермишель
d5c3af36-e38e-4779-81f4-70cef37c3b0d,Ребра свиные
560e79b6-35d6-4b64-90b2-70405e520377,Конкилье
29dd643d-36de-4c90-8b56-d9f376dc0105,Булка
8c21aca5-277b-4442-bfa9-a97e4f1e80ca,Паста чесночно-имбирная
316d2569-288f-42ec-90f8-8947d01bc5ce,Соус ягодный
2bc95e3e-cd5f-4af5-ad81-90a877ab4687,Окунь
3a11b9a3-8815-40c5-8485-1b77d6bd40db,Пиво светлое
9e2e4e14-eafd-4093-ae84-6d20babd6159,Зира
99451db2-4cb1-4609-b67c-14ea97367c02,Порошок чесночный
272d8dcc-4ce0-4da5-a90c-8c68f8ee040d,Виноград
530b19c1-dac7-4d0e-8ea7-8480c610f020,Барсук
12868580-a457-47b4-a6a6-8d5929f38c2a,Боярышник
2a5463e6-c0de-4906-9f4b-a542aa5cddbf,Молотая паприка
c54185cc-6fca-465e-a76c-abb5cfcf8972,Вино игристое сухое
d525af39-e142-4316-a0a0-cfcab9188268,Сироп кокосовый
eff4669d-ac6e-4d53-92f4-66a87d990c21,Смесь порошковая
c7be377d-86fc-4a96-a713-c5728d6c5c22,Язык свиной
91efadda-5b56-490c-8e0c-46e6a36c3218,Болгарский перец
51e7013e-37e2-41bc-8893-05dbc77bc749,Филе индейки
1c7ffbbc-14a6-4f7b-91e5-c3f8ecdc22e8,Щавель
adde2139-0ec9-40c3-8a13-f9edd48eb9c4,Хлопья шоколадные
4895e603-f685-4c3d-9dd0-7b9004a8a0b1,Каракатица
e0bb8ad3-e684-4c2f-af5c-ce2491bd4f30,Перец ямайский
c86c7fa3-7d74-4fae-90ce-ce1df0250a16,Эскалоп
03fbf3cf-02f1-4380-8caa-5db51c763db9,Фарш соевый
32fd26f6-993f-4ed8-92fd-b5be3f32f485,Уксусная эссенция
7c5fc92f-81ea-4f83-92c3-c97c4db9fead,Трюфель
f3df0194-e344-4668-a2ce-07b4b0108d23,Мясо соевое
cd50ad21-b824-4e1d-a186-eb42abf24b0f,Сладкий перец
e1ce19a6-8707-435a-8ba5-e5bc040cb8b2,Оленина
36cf0749-e146-4d25-9796-d40ff490d86b,Рахат-лукум
ac1228fc-8bc6-42d9-936d-a7782c851437,Липаза
d8164381-56a7-457f-8e4c-94941499e20b,Легкое говяжье
92988523-8722-4815-a9e6-7c6911192013,Мука пшеничная
a724e90d-75cd-48b6-857b-366bc474cf40,Бульон
ba0bf6e1-18c8-4864-916d-0a0c7ef096f5,Мука кунжутная
f2dbcee6-6cd6-4190-9869-e3543358ab28,Вино белое полусухое
1ed9a137-d57c-439f-9808-d4962dc9658b,Бадьян
539b75c6-ad5d-483d-bba8-e09c332b1542,Драже
de99f8ab-92ff-489f-957d-f07a5d419c45,Крупа гречневая
2a559f71-ed72-4c63-b5b1-f9f7e3c64b90,Лобстер
f3ecdb0c-6804-4b1d-94ca-a15d7cc6abca,Редька дайкон
32f8e170-defd-4f54-ba09-07b2b7d8dea5,Оливки черные
467d9371-64f6-4476-8a81-3069f2e9bc7b,Сайра
19a219ff-95a4-4492-83e1-be6826e29fc3,Желудь
92c1e6e6-a0f3-4ad7-bd92-3ffc6692fa70,Чай красный
0e8e605f-0042-4b6f-a183-2fbfc0242547,Смородина черная
23b15c09-bc7d-4235-9567-86571152db8b,Фрикадельки
ae983048-b115-4ab8-9994-e5fece8e6ca9,Изюм без косточек
4614b4f0-dc84-4feb-b062-86162ddaf323,Треска
38e9cddc-e671-481d-913b-931ac61849d1,Гвоздика
f8fa69d8-77e2-4bae-a078-5904d4205ea1,Петрушка
bd768faf-3dd6-41d5-b6c1-14e8aa69d7c2,Табаско
94c4b882-85ad-4a99-a454-7e811135c9ca,Курица
d84bcc65-ddcb-4d88-84ec-eff0ae77ef09,Готовая начинка
ad23bce0-a3bc-4251-b0b0-c10e5bb358cb,Паштет
e38c7222-d085-4733-858c-0c6431d04a8e,Сок свежевыжатый
5c55b3a7-61d6-4f31-92fa-5b20e6798a2c,Тесто дрожжевое
10f3fc9d-c2ea-4ff7-85ab-ad58f28b65b4,Крошка хлебная
75c120dd-868d-46a2-9c1c-b9bc68a52fb0,Сайда
320ea152-dd74-438f-9798-e737bbcb8dcd,Тосты
4268e282-a2a1-4bbe-9736-2ba85efcd178,Кокосовая стружка
95eec97f-dbdb-4e6e-970c-de9ad5c6c74f,Шоколад белый
dac981e2-b8bf-422b-a09d-8d588d218b7c,Лист цветочный
e6b8186a-05b2-4268-9fda-f9deb44d6d5d,Фарш куриный
bd8beafb-be52-4704-a6bd-fb7b3bbff9f9,Масло арахисовое
fc3e2bd6-6f92-443f-9731-46bca78be7c4,Сок мандариновый
5a804960-4c51-4cc5-a4cd-8e5722e461dc,Побеги
d411b80a-3acd-4fc5-b4de-0a37bdf44ec2,Брусника
b7eca058-3e24-41f5-bb47-f0bd93db5ed3,Хрен
e05ecea0-07dc-43d1-b7b5-665a6e92da38,Стружка кокосовая
3422d650-f8b4-426f-b379-ac87e64611a0,Кета
bbc24bfa-8476-49f8-940c-84cee6d7a233,Рассол
1a61a84e-a7b6-4ae7-a426-108f6b2b1cd4,Сода
b3ac155d-845f-4fc6-af83-a6282e973eb2,Тесто заварное
31edeed0-e11e-4f8a-809a-e37738c0d7cc,Молоко кедровое
2955ebc9-8909-4957-b66e-881138a72442,Отварной картофель в мундире
3caab047-a789-460b-ae78-be566ed3b4d6,Пастернак
10abc665-6453-4fba-bb75-9dda69bd9d39,Масло топленое
2da3ce50-4d09-4e18-ade7-de7458e51ed3,Смородина красная
20c13918-75c5-4e27-bb3e-27045904d6c7,Безе
815dc746-9317-4c17-a673-9dbbdab6d0bf,Гриб морской
96e33943-e833-4f18-a226-4444e8b08360,Сыр твердый
f94a6c00-8fca-4308-a46f-1625d19cd143,Сердечки куриные
cef4434f-d34b-4755-89ad-691708b5b6f5,Сидр
805128e2-846e-49dc-8d44-bac2efe70746,Вода розовая
a5a2c15f-9361-40d0-9137-49c04417122e,Сахарная пудра
9b36ea40-2ef1-4a00-b6c2-dbb17a8e995a,Дрожжи сухие
4ea13ad9-6094-4407-ab8a-fbe6e6bbb04e,Мидии
80f285f3-3452-4139-a0f8-139ef50bea41,Куриные окорочка
e3c28e40-f1ee-4071-bfff-af1ab800b0ec,Готовое блюдо
fab56a4c-de5d-40eb-a7cd-b37a8d75753f,Сироп ананасовый
4ebc08b5-eeb1-4814-8b98-5a48becb309e,Капуста краснокочанная
247f0fb2-034d-4034-b597-81cea493ecdf,Маца
afaed142-f838-4adf-9726-7343729f139c,Ванильная эссенция
8b60719d-50ed-4a4d-978b-6fa908c9aa11,Томаты сушеные
20896f21-87e5-476a-a740-b5273b088296,Валериана
01881875-e82c-40b9-b028-8d4629b1c9b6,Перец сычуаньский
74c0c700-5869-411d-a345-a7d202260ab7,Сок томатный
215b4941-c66a-4470-ab9d-fe6c9d686a36,Капучино
c72559c4-041c-4341-8bd3-5c390e806df9,Снеки
c168ab18-ade6-44e5-b8c3-27d6b8f17b62,Кинза
5a3176c4-6aeb-4447-a84d-15a3968ffb80,Мука нутовая
3afe5ad4-501d-4430-94a7-4811a5fd8c53,Урбеч
5a09febd-b088-4e6a-8978-322209da9a2f,Шнитт-лук
9063eac1-ccba-46bc-9cf7-8ac44a80c0cc,Крылья куриные
f299107f-4d63-4309-973c-ff8751b00117,Пралине
5ad98b92-dbdd-4cc3-ae46-7eff8149a4c1,Вымя
07620370-b6ce-49fe-a585-e6f9bc56a185,Шишки сосновые
94dbabc8-8342-46ea-a2e2-2b74f5066a9f,Яйцо
6c990c9b-9a88-4d74-88f3-c25fae7215f2,Корюшка
5646c4b2-0a2e-4391-9375-1ce2ec1cbcc5,Патиссон
fd11a5d0-8936-4873-a7e4-7fc2c91853c9,Дрожжи свежие
bc46fe50-59e5-4ae5-a3e7-58a9de13677d,Фундук
0de56b57-bb22-4cc2-a52e-3a63e72de76a,Какао-порошок
622f9baf-c0d0-43e4-81b1-400bd99300cc,Жмых овощной
8e6576d8-8c25-4b1f-8487-1537ce1a329e,Масло сливочное
e45e85b0-330f-4162-921c-bc3001c04622,Салака
c392cbc3-910c-475d-8e2a-050c86eb3f28,Джем апельсиновый
1a8d0c17-ca1d-475f-a673-3293c526dcf7,Пектин
432ba915-ab6d-4b88-ae56-55e1ea1417fa,Соль
4d29bf09-d26b-468d-9c52-117d6fc170f3,Фасоль
049ac871-6fab-45ce-aea8-3ab07d299c55,Рис воздушный
9264298b-7556-4985-914f-12622c5f8228,Мука гречневая
817b0193-2e56-400d-a743-1b7ca09068b3,Колбаса
8c6a14ef-5d08-4124-add2-fd0941cab540,Рисовая бумага
3a6ff0c7-52ff-4e69-996b-57b0a45aaf23,Буженина
2c334f9e-d508-4eeb-a14a-f64c22546e47,Ревень
39bbf182-bc6c-433d-9848-eb31b9540284,Лук
d8bdf1ab-2677-4925-9bf1-930d472b0483,Краб
c1f14a5e-78b7-4154-bb27-9d325afbe793,Рябчик
f58dcb35-056c-40b6-9eb2-b14c2ded9d98,Соль перец по вкусу
f184a8a0-7c80-42ad-ad2c-ce8d4771ce79,Кресс-салат
e49ea22c-250a-4faf-a22a-cac7cd9f0c12,Ассорти мясное
7ff1ad6a-d2bc-4d08-b8c9-d0ad5c653eac,Тоник
746437bf-c633-4933-a4ef-a54abd682364,Урюк
f70b3279-afec-42b6-903b-b039ae241660,Печень свиная
6a2cc227-cd48-41bb-beea-ba561f2710ab,Сухофрукты
ab5ab56c-cd73-4a60-b153-aecebdec8f0d,Икра красная
d584a94f-ad7e-4f8c-a8f5-eeff8ca9365f,Творог мягкий
3e5cdc5d-0339-4044-8214-dcb48de8c23e,Печень куриная
e88b342f-a9b6-44bc-8588-967193412ce2,Адинамода
cd8a9c54-627c-4ac2-b19a-a24b8a3d7e62,Лайм
e80d5972-c305-4fad-97c5-f3181ef1c91c,Ассорти овощное
9bb20ca8-cf11-4498-8d97-9953e5d0889b,Тыква
43890dc1-bb0a-4c57-ba2f-08bc766f57ae,Раки
79aa9b29-3c3d-4455-a683-5b5c745f33e5,Ставрида
5dc52fad-5904-4415-91fa-46432059ec9c,Теплая вода или молоко
7b7b8825-fe6b-482c-a8ec-873b41bb2f85,Сахар тростниковый
54ed8d67-3aec-4130-a596-8f8b5872d439,Соус фруктовый
713abab8-1d86-4489-be96-4c3c93cbbcbf,Карри
c0c1d972-dded-4b84-89ec-b7c821efef29,Мука специальная
b226e0ab-3b5b-40db-aaa0-5214efb7e6e1,Хмели-сунели
96f2a334-aedb-44ad-a7b2-b25b6fad8e0f,Горошек зеленый
87bf288e-b233-4729-9bb2-9dec9143aeaa,Песто
ee1a72e9-089f-4f32-beff-2b879474dc18,Томаты протертые
0554ee43-8d98-4279-b7df-d8d4ff1ff035,Кактус
486cd186-7a12-4821-bf67-4373fe81ef9b,Палтус
266e373a-5ad2-45ec-b61f-fae948a04332,Лук-порей
c6e81aa5-14f5-4e9b-bbf7-9da6c2a28a6e,Мука миндальная
141687be-4a1a-4958-8e8a-95415d67e876,Сироп кукурузный
3916bccb-0c1e-4d2e-8478-bc2988afb9c0,Взбитые сливки
c7765ff5-d129-489e-9652-801d9add7889,Нут
43d3d567-f67b-44cd-bdaf-e3daf805647b,Шпроты
5b953c9a-8f62-49d9-9e36-8ca9aa0c9e12,Навага
5f54e69a-573b-46a1-939e-985f436da8e9,Лимонад
a3fc7bcd-38af-476c-9372-65a6932efaf0,Ягода
acde96f5-eb83-4160-9916-dcdc4472a8ac,Перец розовый
5bc55f31-595a-4990-affe-540a99f82c45,Пахта
cca5b5aa-9cbf-450a-955a-5446c7a97dac,Горох
5d5bdf3c-4164-4093-b5d4-1b4964a65dde,Корнишоны
3de76bc9-79b5-403d-a7ce-b8beb619d91a,Яйцо перепелиное
c27cdbec-df04-49a1-b4a1-03140703d68e,Пшено
9156f7b2-0b50-4dd9-9eea-1e867b6c6997,Лист виноградный
d4295504-a5d2-4cfb-ac4f-e78adc3736b2,Конфитюр
dcb3eb0f-03b1-4d06-bcf0-f2fe5e199401,Уксус
8aa63ad8-7b32-437f-8e96-e160140878d4,Творог домашний
c18fb5b1-f42a-459a-a31a-e4811267100e,Орехи бразильские
f07ee873-38a0-4fc5-b66a-769e3833b272,Заправка
1785ba68-5c07-45ff-8c78-1275214c9525,Алкоголь
00f86132-97ae-4ff1-97d4-9a19155bccac,Масло льняное
1aadae9a-9852-430b-b033-0a771f0302a3,Шейка куриная
c08ad8bd-8106-4589-be94-6d720ce7f50d,Печенье
588e270f-3852-44d8-912d-466aced0a1cb,Филе
497573d1-bb26-4963-9fb4-d110c8008e2d,Горчица
44106cfd-1bc8-4996-9eed-0563ce51ee26,Кизил
c71f3122-2e34-4d00-94a0-afcbc1704e20,Алоэ
2a23cc71-276f-4b90-a258-2bfd5e84decc,Окара
2f82b743-48fc-49b8-b5bb-4dd21f69ef42,Тефтели
82208540-b9e6-435e-8054-b10f4207f4d7,Орехи кедровые
27363e37-3ecb-4199-a6e3-d3305a7d151d,Пармезан
97d13c69-1265-4686-aca7-7f696dc095f6,Лук красный
4d99ae71-0b13-4f48-8a52-03c24676e775,Сироп ванильный
60f46e93-2346-49f0-8324-781c1ca4ad52,Эссенция
cd4d9cb4-5a45-45be-899e-0e2bafe533d6,Калинджи
07b263a3-f6c0-43b9-8706-14b4abc16cc6,Кальмар
e32da56b-ce74-4b42-817c-4651e25e22ec,Херес
72f762aa-1874-44f9-a6ef-c216029d7874,Бамия
5f7d366b-666d-48d6-83c9-d0e54ef55ac7,Масло чесночное
dfbe988e-dec0-4fec-a1a9-e649fe6bc26c,Мука цельнозерновая
a44e63cc-ab16-4d56-935b-9f1367d2b293,Эклеры
cad0efc8-7d7b-4b07-8bfd-9a937be0f44f,Соус
95dc7f12-56e6-458e-94f1-7ef3672e3b94,Пангасиус
6f207023-78cf-4268-bc03-be52d8236296,Сливочное масло
94845eab-929c-4106-a3a2-d33c0aa57931,Чернослив
42b0ab47-46ea-456f-9e63-219877939425,Бекон
9dc61644-c9b3-4087-931a-0c1b65dbac15,Сироп ягодный
cd8ac570-c454-426e-b673-82ef97f04f09,Семечки тыквенные
5b34915c-a5fe-44aa-9161-ada77d693511,Килька
9a6474d5-3e50-48ac-9e23-c6e7bcf11e7f,Семена
5368a18c-2f5f-4a0f-94b9-c34a2fcb132f,Бананы
e2892cee-3f34-4fd5-ae0e-3acaf3a3c780,Паста
9299b57a-42c5-439a-88f4-07f9977df169,Бобы тонка
39a48fdf-b2be-4770-b87c-91e3206cd911,Подчеревина свиная
9fc68244-f2bb-498b-9b5a-307a8056d687,Кофе натуральный
5bb7b4a0-be9c-4fe2-9cc5-404815017234,Водка
f189561c-f251-4fbd-b8bf-54e256853798,Какао-масло
f71772b5-6a40-4021-933d-47baafd613bf,Раковые шейки
254c6a1f-b82a-41d3-81b8-58024e336439,Крыжовник
ca98366b-99cb-41e8-afff-75424d937d52,Хвоя
2996197e-7c57-4f40-9b4c-6ee53e718d09,Тесто пельменное
270302a4-c876-4390-ba27-7da14cc453e9,Креветки
477105ff-c5cd-4b2e-be9c-c0a88c8e2eca,Зефир
f6867fcb-cf3a-4e7d-a28a-13b578247038,Ливер
172a054b-9a2b-4fa1-b12e-90e1ac585821,Йод
c5e9807c-1751-4274-9d79-0b47d0a6e537,Паприка сладкая
77a4c057-4dcd-4e40-b61a-e481c9a567c5,Хлопья гороховые
6fa0586c-d5fd-4edf-ad04-cdd4bb521c28,Соломка
7766590a-1208-4d72-b8a4-23a75e059441,Маргарин
b776d246-f3ac-4680-a1a1-ccecbcb02f26,Булочка
94b7b095-2588-4df0-b29b-4423115f146e,Соус майонезный
11bbe3e7-016a-454c-a766-166d43ca81a3,Отруби
71d05296-8a21-4583-850e-8588ebdd2bf1,Каперсы
f79b27d4-28dc-4223-b5cc-748633e2ccd4,Вино красное полусладкое
059b96f6-ba1d-4ba3-8732-cba992d985c9,Семолина
bb3ac2ca-f040-4850-8139-c86dd8034bd0,Шкура свиная
116e64ad-b5aa-4898-963e-89e3b355d784,Легкое
32164b08-84bb-4ad0-bafa-aed45b8860b7,Растительное масло
f41e9d52-ddbd-420e-b84d-5ce7e5ad9198,Грудка
bad5e607-e9ec-42a4-8edb-0401cb92b780,Сыра моцарелла
cdbbe1b8-9154-4382-b857-a59cdedcaac0,Мука ячменная
79fefbd3-5053-4fec-89e2-debfd53ddbda,Орех макадамия
99604949-f207-4cfe-8d2b-93517fe78f13,Ребра
79ea54da-a83c-48d2-a815-0e2632b70411,Шпик
8225659e-2621-4dba-8dbe-fc0021c659a1,Бастурма
d45a5ec5-3358-4335-a321-af10a9003fb6,Сибас
d6efdc1d-2a9f-416b-861c-5d5c860c36d6,Вода минеральная
429bbd85-cde7-4c6b-a26f-e093c8a8a0e1,Помидор маринованный
37be44c7-f385-4e26-8a5c-1631861adef5,Цветки
072f2e68-c00d-4f7f-8a32-358bdd647496,Сырок творожный
5913c21c-bcdb-45f4-912a-28bc6fa62346,Померанец
776df577-956f-455a-95fa-4f5fe271bbc0,Перец
0487562c-9bc6-4f20-83f5-4fdb134212e2,Квас
82253d4c-b2a6-42a1-b3d7-b0252f8c1c3e,Сельдь
689d0cc1-cc31-447c-b023-a32f20f26689,Сырок плавленный
867042dd-e2fd-448c-a63d-a842d97cc98c,Нектарин
75e4e36e-69fe-4957-ac2c-f21d5b69fc93,Сок березовый
2ef7ae20-d034-4500-a49d-c0b9d7cd80b2,Сливки
0d18c9b0-eacd-47ec-8491-124cf7d6ac5c,Полента кукурузная
461c920b-ad53-4b4a-9877-71adbfcedeea,Орехи пекан
4a1e6fb7-489d-4e04-8489-06fb1b6ff94d,Лепестки
2fd4f813-65ee-4d66-a495-66a21acc73cf,Клементин
9dcd4e04-bb3b-467c-bb38-205c668dda96,Черная смородина
ce94a251-cdcb-48a8-94e9-30ce98318cde,Цедра мандарина
325930c3-f703-4c94-894c-8a48b75f2d0b,Желток яичный
6a30b447-a5ed-4473-9f9f-11e75a69f2f2,Чеснок
f076e637-01c6-4f95-affb-46520ee2729f,Кисель
23822aac-d24c-438a-9927-d93b323dd051,Сироп инвертный
c9d4e717-6ad6-427e-ba2c-9477d32818ac,Порошок томатный
979a828b-d9f3-412d-8f58-b4e78d0a45c4,Перец красный жгучий
add65e92-ab25-4bd2-9a60-08506af41167,Заварной крем
dfc678d5-c2ee-4c80-b777-c7e599e865c9,Каштан
02c262ee-90b7-484b-9ee6-50803216dd1d,Семена льна
9f46f7e7-7049-4a79-8895-8b6d773493e4,Кориандр
312c68ab-ffbd-4f7b-af56-6f63e012c921,Кекс ванильный
31232d3f-faa6-47df-a256-ee0ad5cd6eaa,Ткемали
837697c8-7c6b-4ab8-ac82-a5f846184fed,Скумбрия
abd064c6-ffa3-458f-a3c3-6f8beb6661c2,Конгрио
769c435b-917f-44b1-aa47-31106fb3a2d0,Сыр полутвердый
6c5c9929-c658-4f43-ae7d-5eeb13b2c522,Виски
d7286958-4ce0-4c68-a707-df95556c21aa,Экстракт
0ab6c3cc-f8d7-4e22-b722-5866610a07e7,Ольховый дым
494222d6-c0cc-4725-87c5-78a43af602cf,Перец болгарский
96d80015-7bdc-4160-bc33-4c9fd07797f8,Пыльца цветочная
375ade3c-1eeb-46ef-bdc4-d442a404f718,Перец сладкий желтый
9f348dea-4832-4bc7-9fb4-26aafde50f07,Сырки плавленные
8fbbf918-382f-4e19-8244-bb77fa0c558a,Панир
3a52d540-92bb-4cd6-b8ec-e996d403ee40,Дрожжи
14f90c2c-05ce-4224-bf9f-3b6149597056,Цукаты
e5125aa7-23f8-4a2f-99f7-aa2f6e441e01,Картофель отварной
ac0fee5f-1486-48a6-841f-53c52a842614,Морской язык
b102cc44-efb0-4928-be38-ff4a31184594,Тимьян
225c7f38-0898-4c55-b358-c8ef1b40e151,Тесто блинное
734ba7d4-8ac4-4974-9636-e41e085dd986,Крупа манная
33937c99-9899-4a45-8f02-69e1e8222196,Вермут
3b9f6fa0-6b95-4741-b04a-e6c77705a47f,Тархун
0fab0046-2ce3-4837-af8e-a7c204967c32,Можжевельник
89e99ee6-7179-4cdf-b4d3-115784338877,Джем
8052db9e-854b-4c44-8071-478ec25eba8d,Лист смородиновый
2da246d6-dcb5-4f8f-b24f-2352b88faefe,Рулька
f93af8ba-eb6e-448e-85c4-27bd0e1e8d26,Сетка жировая
15e0346a-8b2f-495d-ae50-8cb229bbbc15,Багет
09e821a8-c4c3-452c-bae1-defa688cc66e,Мука овсяная
26c90459-5244-47d1-80e5-9338557d1590,Желе
3af6d745-607f-447c-a17f-dcd297c6f79d,Бобы
12141e6e-d5a2-4c94-b58a-ea4e6d34bea4,Каркаде
f0a2893d-df08-46c4-afc2-ff40dff9e094,Зелень
b07bb0e6-25eb-4061-a039-f30b54c4e2d3,Концентрат
a5a5f482-712c-449e-abfa-2e10df1022b5,Хмель
95dfdc98-8684-41e0-be55-d5ef55ec0b86,Огурец
29a34198-1e03-48f6-9a54-b10f91c368be,Хлопья рисовые
891a4a29-8968-4558-847f-b713ebb6cf99,Мойва
c6353f65-e41d-4658-9c2b-1ea2bdaa711b,Тапиока
dcbbd3f3-4aad-492c-835a-2bafd249b6d7,Корж
6514ae3e-96b5-43ff-ae98-d5f736b916ec,Ванильный стручок
d516d731-a089-48e9-a990-06c602707ca5,Нутелла
9fde22ce-2394-4f96-acce-8feeb1cca40e,Коктейль морской
c14326aa-eee6-4a67-9f17-ef0ddb395ae9,Сыр сулугуни
39654051-22a6-49b4-b165-5be206ae5641,Паста ореховая
545b7335-8dde-4fb9-8eeb-a2026656e6c9,Меланж
85409076-5d46-421c-a114-f3ae3d86b57d,Глюкоза
075afe82-73ea-4013-9494-2699196377b0,Кляр
6a97334f-1971-4be6-bb94-f37492f1537d,Рамбутан
1dc6fbce-f428-4f66-abd7-e471facfe527,Водоросли
2e20961e-15b3-4b95-b825-ec238612f5e8,Помидор
692a08d7-2594-4667-839c-7303219831e9,Сок яблочный
934598c5-042d-4681-a0b1-077e076afce2,Ликер
980087e9-e21a-4394-8e1e-14a7166ab08c,Фрукты
99171d29-19fb-47f0-9b15-f280bfbef559,Ассорти ягодное
92a248f1-75bd-46ef-ab8b-aaf5eccdcb1b,Сироп абрикосовый
1a5d45d8-254a-43f9-8984-0b50571d5c5a,Укроп
a2c1bf08-9d0d-47f9-9b1b-430507edabe3,Фета
440bffd2-d17e-4bb6-800a-2747ca9e6739,Лимонная трава
762af80e-518a-4a08-a5a0-45a16561cb73,Сливки кокосовые
3f92a34a-8c5e-49af-9b2b-9a3502ac5bd4,Коньяк
264da07a-66f9-4c7f-90de-26ed69fe23d8,Персик
6a013372-b9d4-4140-a2af-f70ceced80b7,Удон
b8cf3db5-a7a8-434a-8738-312a0a53ad21,Какао
39e08f0a-b0d3-4d4f-8251-11885fe38351,Мука блинная
d42446fc-c391-490e-b86b-dc5b8c286e12,Черемуха
bc097955-1047-4650-90b4-6183cc7af9c4,Вино красное полусухое
f6268197-7779-45a2-88af-85c32b95fcdb,Подсолнечное масло
ca64b822-7c80-420e-820f-92ca26f03656,Попкорн
d17e50e2-4775-4834-99b3-2e56aada1d13,Полба
45a69ed1-78e0-4dbe-a3fc-83e922021f90,Хвост
cfbdbad7-047a-44c6-97f1-ce059c93bced,Уксус яблочный
6e12f378-0095-458d-94c7-a3fbc4f97418,Лук зеленый
d979770b-9794-49ab-9ca4-c302b76ac681,Молоко кокосовое
3c6d948c-5256-4f9c-9fea-3cfdb978ada6,Сироп мятный
f745ef44-48aa-4004-90e3-f02faaa229c3,Хек
47b04e06-6036-4f0a-be96-0c954efdf0f5,Окорочок куриный
9c52e091-354e-4d61-a6fd-634fd3616576,Миндаль
1d14c346-170c-45c4-b9b3-629dd259c625,Кефаль
aff318d3-a774-40bd-9cc6-2097197cf3b7,Напиток овсяный
64e6b3cc-3056-47c3-82a3-f1f43d069a88,Шейка свиная
7e4956a7-db87-4624-afe7-850cfc97ddb2,Сыр голландский
65e98bd4-fc6b-4ac2-b9b7-9f380a939793,Полуфабрикаты
2c302087-9735-44af-8329-e202ec93a885,Макаронные изделия
ad7f8e42-6f4a-4891-a26e-517dd9650858,Нектар
0b833a26-0000-4f18-a198-57971a6d6f13,Глютен
db2d8a02-4f1e-4d75-8789-f1b7f1c91d68,Айва
e2dcf645-514c-4ac3-ba93-e9a251ca23a0,Грибы маринованные
07c87225-47da-4d84-9b59-416043751b44,Мисо-паста
2605c03c-da6c-4260-80a6-0942b20ff557,Псиллиум
a42dc2ef-ae84-4da4-bc66-91bb9ecde9d3,Кумкват
1bc91eaf-50aa-4b2e-ac5b-d2a0ef49ce64,Вода газированная
d77f3cf6-ac3c-4ca5-9498-14f6831e859b,Свекла листовая
01ec7f6d-6773-4b2c-a238-9431afb6b11c,Фритюр
b833b5cb-d55e-42e1-8b73-9681c53a981c,Пудинг
da8d059d-68ab-4ead-93bf-fd961cc49e50,Киви
7ee88074-5b47-4ae4-a504-8216b31505a4,Тесто фило
43679ef9-e2b1-4315-9118-c80de56ea962,Кролик
ecea88de-fd1c-42c7-9c3b-071f70d728aa,Асафетида
1b2ff19c-35a1-4a0f-99ce-284f97061121,Тесто слоеное
602d4085-a7de-4a68-9732-0c3f6cbd5996,Вино розовое полусухое
afc24eee-e5e9-43ea-a59d-adb7421fdfb2,Орешки
db29f3e2-a653-4985-be7b-e3499bf4bcff,Маслин
8b4fa6bc-a32a-4239-bc34-db54fffedabc,Груша
53abf20f-ca3c-4712-bea0-43bdd5fd784e,Хлопья панировочные
d7b39ee1-ffad-4abf-9eca-ab985b02e198,Яблочный сок
f8d8d15c-047e-45d1-9af3-d0d0322fb89c,Сок гранатовый
aa5ba06a-a469-4f5d-a852-32144c008c7a,Сычужный фермент
3dcc8346-cb0b-4dbb-9dfd-099bd311c9e9,Улучшитель хлебопекарный
353e5d81-72e9-45b4-99a4-b99540030904,Балык
74be2447-0cbc-4033-8d9c-e13e1890e25b,Аджика
642f9deb-a516-4219-b0b3-f36d0aeb4ffb,Мясо
0aae5c45-cd8f-4aab-a528-c35be1e82c9c,Цедра
66f0e446-0d21-4db5-bfc8-5f72c273f9aa,Коренья
22174864-b1f8-4955-a1d9-66b7c0f2759a,Сыворотка
45070c02-df8f-473c-92ad-3cd3e50f7266,Лук белый
21ea37c8-3540-4da2-a99e-82a5c0452ad7,Лазанья
80776a01-b6c6-4fd0-a0d6-dc8a1839f48a,Стевия
e02496e5-286a-40d2-afc7-20017069b805,Пряник
22851cff-83f1-4ba6-8fae-679ac154b9e0,Лист лавровый
ee0f1d4c-33c3-4e50-b084-3512fd15ee13,Савойская капуста
af7041fa-be82-42fa-aaa8-e7dff7b120ee,Мука полбяная
864218ec-474c-4003-a470-8f7de8de9a3c,Перец лимонный
2179b1f4-4a1e-4a36-a533-810819e2fc07,Галета
d190a2d9-4135-4cb2-a1d6-b0358f01169d,Мусс
3f092a9c-7066-4bdb-be52-3f09b318ced5,Масло хлопковое
4db4f1bc-d1fe-4ce3-afad-658a66820ded,Порошок грибной
45f02c68-4d13-40d6-9861-4b6240cf459a,Листья салата
41ac32b2-8347-4f2e-b0c6-8f8f1d175f28,Карп
fccde085-434b-42e2-af06-ad730504c4d4,Сыр мягкий
ab6e2d93-ad77-422c-818f-badbfaeabb18,Зелень укропа
5bdfd92d-e21c-4de6-a984-3b1a62d19bef,Сок морковный
e6865b0c-4736-491a-bc82-7c18fc8a156d,Кора дуба
27dd5c4b-a6bf-43b0-ba1f-9858f59ab685,Колбаски
71bfc050-8f4b-425d-8423-299173319f03,Сах песок
4270d561-b112-4b26-97bf-9459a65fb961,Загуститель для сливок
2aca03a4-a8d8-438c-88fb-5c92636c3ae6,Филе куриное
ef250740-08f8-4994-ab9a-c042e37ba8e2,Цикорий
972e739d-37d1-4108-ac9a-4f83fb8a6ee1,Печень кролика
8b8420e8-209f-478c-aaa2-00c4ab1a3bfe,Аммоний пищевой
93f45664-879a-4f79-8118-7dd9e076e6a1,Мандариновая цедра
13ac3c6c-cbf7-462a-9f43-728f4386d8e2,Мука каштановая
f6c90952-0882-4e86-9ed5-278ed90a8fc4,Свинина
d8ba1667-9cb0-4cda-aac5-b7690f4f2d2c,Кола
d5b5f94c-36a5-4270-a576-56c5f13fa2ed,Сумах
e89ebde2-f855-4bf2-bdc2-d0881a78e0c4,Мартини
ea98302e-6157-4ee4-ae98-9375c0918a44,Кампари
2838a2a0-55f8-4530-aef0-b6493260c06f,Огурец маринованный
fbf06dee-db99-4b0e-acc9-6b588257c201,Минтай
28566f40-d824-4cb9-825a-ec49758c01c3,Гранат
707a5675-5d46-47b8-baeb-181114c78ecf,Цесарка
d9b96c8c-0941-4bd4-97f1-9a9ea9858d20,Сыр
78e4184f-a1a2-4e1f-89f2-cf80b77a27bc,Осьминог
d13708bf-2b6b-456a-9958-b224f56e187f,Семена горчицы
3ab121de-014f-4fc7-ba4e-a987b1c0423d,Абрикосовое варенье
ab38045d-b355-4ae9-98a5-98c203083c30,Батончик шоколадный
4cde088a-0ce3-4030-9c37-f5a4884ac50d,Лук-шалот
619fc6e6-c3af-4b8e-b80d-2705d1b0d70b,Дайкон
74f8f20c-f0fe-4cad-8348-04a223fcfed7,Сырок плавленый
6801291a-6a54-48c1-8596-35bcca7ffed0,Ванилин
253333b4-800c-4033-9934-2b483fb72684,Кукуруза
1295358b-fffe-46d0-ae2c-3a94aafeabf6,Фарш мясной
41f96806-9cc1-45bb-8ead-0c2f26b20381,Пюре картофельное
afef4a3b-2675-4775-9bcc-3784c87d49bc,Арбуз
2aef45ad-d087-40c1-8b6e-a9bbae1944df,Каша
3eb33ddc-7552-4a64-a6eb-a9cbddea31ce,Тартар
80f6c345-27d6-4047-8a85-805192f10a13,Кедровый орех
b08053f5-d07e-4570-b1ff-5e4f6f81c5ec,Сироп шоколадный
b5b0db56-0dad-416c-9148-661c06ebf2a9,Мелисса
5f9b0450-b76a-48e3-906c-638dbcab9f0e,Грудка куриная
5402cd2e-d749-4349-b29f-2435b6ea68fd,Абрикос
0c63552e-be9e-4617-86da-e7e1d3fedaee,Чай зеленый
69313d30-139c-4a78-b9fe-a3817c6d61bb,Хлопья злаковые
87b1944b-f001-44b2-876d-83eeddf96c83,Рябина красная
41d34425-322e-482f-8883-712beac88e92,Лист малиновый
658cbf10-9371-4c07-a7da-bafbd1bc492f,Оливки зеленые
389be697-58cc-44d8-a3a9-9f988c4e60d6,Кальмар очищенный
780ab0c3-c6c5-4caf-8708-420e68852997,Нуга
4d06beb0-b045-437c-ac24-c20bf2aa165d,Питахайя
258dbb53-8d2c-4d7b-997e-41f23801efa7,Морепродукты
7ce54eff-c35c-4a66-a56e-30ea89ba78c7,Белый хлеб
b0538fb0-bdd6-489d-84a2-96066b33e72c,Ром
14fb7079-92d9-41bb-baf4-2c1b5b3dac5a,Помидор соленый
8b2c5ec3-e8d8-40d6-82f8-2c4ab71be1fb,Сыр плавленый
f97423c7-b769-4df7-ac3f-773ae2165459,Любисток
2893d133-7eec-436a-9ea4-3f818988cfd2,Крем фреш
24b764d3-eeda-4aa6-928e-8e46994b9e34,Инжир
d6d519a9-7f21-453c-b720-24c8b8944c3e,Перец белый
8d3738a0-bf18-4be7-aa78-37fe8b4f41cf,Компот
489965af-34b4-4f1c-8690-bb2e3aa207d8,Стружка шоколадная
3e8c531d-ed65-4154-8e03-02a0c3d4aebf,Фасоль консервированная
3a784c38-a705-4a17-87d8-a9b908299f00,Фарш индюшачий
dd170c25-fff2-424b-8947-2c3d8dd254af,Редис
c898cae5-8028-43e3-8a0d-c45fd5d72d53,Сыр адыгейский
2049827b-c4ff-4705-9f3e-6c0534943455,Мука рисовая
68172704-0d8c-47fb-9401-98476e0e9d81,Хлорид кальция
ab0f58af-fe10-4a6b-b176-53a0a1b28ab5,Мука конопляная
23433314-2ade-426e-829b-0291b56b41d6,Мука льняная
99b65da0-998a-4256-b9e1-362fbf9ac0fa,Фарш
38e8bb2f-695b-4f70-819b-cf8ccba05e62,Мясо криля
68a8a3cf-11c0-4baf-9a5b-367fec978fcd,Жимолость
aa2e8498-7d14-4019-8356-7bf29d6b8b73,Сердце
6ec6bb5b-f360-4023-a7b3-25b83b6101f8,Мороженое
ef52348d-7263-4b7d-ae12-b67268efb3fe,Сахар гранулированный
37860ea4-da13-469a-8f95-ec988dcf1f6a,Паста кунжутная
3f4cfb35-1b9b-4be1-b658-ff600643f7ac,кабачок
92f90907-e219-4b19-ba58-30f11d75323e,Кус-кус
5c39b049-0d85-4b63-b81b-bc166e20fef9,Крекер
902b0803-9cd2-48ef-927e-9546f516fc97,Орехи толченые
372ed59d-f3fd-4815-aeb1-ad4b42a53cf0,Моцарелла
bd6cbd3c-cc65-40cd-97fe-f0721cc2047a,Майонез легкий
d2f36d09-f043-428c-ae1d-02d2ce7085c4,Говядина отварная
6c881fe0-2070-46f8-8990-e3f23a3957a7,Личи
0d7421b1-fc0a-4368-9d9f-2fada0f76f99,бульон
228be50f-0174-4d0e-922b-cec3d10a0cce,Томаты в собственном соку
549589e9-f52e-4024-8b56-3fa3e9c36788,Гранола
3fb52ee8-4a30-435e-90ab-791107ce6a6b,Моллюски
015a2cd3-0349-43f9-8023-ea3efa500483,Ячмень
3f51584a-d12b-49f8-bf46-75ba6b871776,Опята
f2c5a28d-c81d-4942-a875-ed0394123179,Патока
75689420-3210-4b68-89ee-02ae15bd40a2,Лаваш
47968871-b3f5-41da-9858-440146060f41,Майонез
687279b1-fe37-4bc6-9f36-226d49f25714,Сухие дрожжи
6902069f-d1b9-49a3-b369-06b819e60f63,Сок апельсиновый
